{"scale_": [0.006362946273190553, 0.0027778719167705127, 0.0014884939418296568, 0.303030303030303, 0.1, 0.09090909090909091, 0.03333333333333333, 0.043478260869565216, 0.004878048780487805], "min_": [0.44396757697097033, 0.49998833293794953, 0.0015033788812479534, -1.515151515151515, -201.5, -0.09090909090909091, -0.03333333333333333, 0.0, -0.004878048780487805], "data_min_": [-69.7739, -179.9897, -1.01, 5.0, 2015.0, 1.0, 1.0, 0.0, 1.0], "data_max_": [87.386, 179.9981, 670.81, 8.3, 2025.0, 12.0, 31.0, 23.0, 206.0], "data_range_": [157.1599, 359.9878, 671.8199999999999, 3.3000000000000007, 10.0, 11.0, 30.0, 23.0, 205.0]}