{"scale_": [30.66424431062419, 123.99761880481425, 103.8782124302073, 139.9462143524149, 0.1753571817739748, 0.2103438044516249], "mean_": [-3.222530730719538, 31.663798958271485, 52.868511605135886, 455.5540390999631, 5.330917152342309, 9.99557358908152], "var_": [940.295879141648, 15375.409469264025, 10790.683017695275, 19584.94291157206, 0.030750141199710843, 0.04424451607118342], "n_samples_seen_": 13555}